project,team_id,mission_id,platform,timestamp_utc,latitude,longitude,altitude_msl_m,altitude_agl_m,pm1_ugm3,pm25_ugm3,pm10_ugm3,temperature_c,relative_humidity_pct,pressure_hpa,wind_speed_ms,wind_direction_deg,sensor,qc_flag
"ASCEND DEMO / SYNTHETIC","20000000-0000-4000-8000-000000000001","30000000-0000-4000-8000-000000000002","DEMO Balloon ascent","2026-06-15T12:10:00.000Z","40","-105.25","1600","0","2","5","8","15","45","839.3963238484306","4","180","DEMO atmospheric sensor package","SYNTHETIC"
"ASCEND DEMO / SYNTHETIC","20000000-0000-4000-8000-000000000001","30000000-0000-4000-8000-000000000002","DEMO Balloon ascent","2026-06-15T12:11:00.000Z","40.004","-105.242","1850","250","2.08323691620031","5.249710748600931","8.33294766480124","13.375","45.66654321673507","815.067723970551","4.166666666666667","181","DEMO atmospheric sensor package","SYNTHETIC"
"ASCEND DEMO / SYNTHETIC","20000000-0000-4000-8000-000000000001","30000000-0000-4000-8000-000000000002","DEMO Balloon ascent","2026-06-15T12:12:00.000Z","40.008","-105.234","2100","500","2.165896132693415","5.497688398080245","8.66358453077366","11.75","46.33234589846786","791.4442508071944","4.333333333333333","182","DEMO atmospheric sensor package","SYNTHETIC"
"ASCEND DEMO / SYNTHETIC","20000000-0000-4000-8000-000000000001","30000000-0000-4000-8000-000000000002","DEMO Balloon ascent","2026-06-15T12:13:00.000Z","40.012","-105.226","2350","750","2.2474039592545227","5.742211877763569","8.989615837018091","10.125","46.996668332936565","768.5054673547509","4.5","183","DEMO atmospheric sensor package","SYNTHETIC"
"ASCEND DEMO / SYNTHETIC","20000000-0000-4000-8000-000000000001","30000000-0000-4000-8000-000000000002","DEMO Balloon ascent","2026-06-15T12:14:00.000Z","40.016","-105.218","2600","1000","2.3271946967961523","5.9815840903884565","9.30877878718461","8.5","47.65877245244628","746.2315289444456","4.666666666666667","184","DEMO atmospheric sensor package","SYNTHETIC"
"ASCEND DEMO / SYNTHETIC","20000000-0000-4000-8000-000000000001","30000000-0000-4000-8000-000000000002","DEMO Balloon ascent","2026-06-15T12:15:00.000Z","40.02","-105.21","2850","1250","2.4047145635611247","6.2141436906833745","9.618858254244499","6.875","48.3179226538683","724.6031660744338","4.833333333333333","185","DEMO atmospheric sensor package","SYNTHETIC"
"ASCEND DEMO / SYNTHETIC","20000000-0000-4000-8000-000000000001","30000000-0000-4000-8000-000000000002","DEMO Balloon ascent","2026-06-15T12:16:00.000Z","40.024","-105.202","3100","1500","2.479425538604203","6.438276615812609","9.917702154416812","5.25","48.97338661590123","703.6016677394795","5","186","DEMO atmospheric sensor package","SYNTHETIC"
"ASCEND DEMO / SYNTHETIC","20000000-0000-4000-8000-000000000001","30000000-0000-4000-8000-000000000002","DEMO Balloon ascent","2026-06-15T12:17:00.000Z","40.028","-105.194","3350","1750","2.5508090958869696","6.65242728766091","10.203236383547878","3.625","49.62443611268597","683.2088652437975","5.166666666666667","187","DEMO atmospheric sensor package","SYNTHETIC"
"ASCEND DEMO / SYNTHETIC","20000000-0000-4000-8000-000000000001","30000000-0000-4000-8000-000000000002","DEMO Balloon ascent","2026-06-15T12:18:00.000Z","40.032","-105.186","3600","2000","2.618369803069737","6.855109409209211","10.473479212278948","2","50.270347822870704","663.4071164830563","5.333333333333333","188","DEMO atmospheric sensor package","SYNTHETIC"
"ASCEND DEMO / SYNTHETIC","20000000-0000-4000-8000-000000000001","30000000-0000-4000-8000-000000000002","DEMO Balloon ascent","2026-06-15T12:19:00.000Z","40.036","-105.178","3850","2250","2.681638760023334","7.0449162800700025","10.726555040093336","0.375","50.91040413322679","644.179290681941","5.5","189","DEMO atmospheric sensor package","SYNTHETIC"
"ASCEND DEMO / SYNTHETIC","20000000-0000-4000-8000-000000000001","30000000-0000-4000-8000-000000000002","DEMO Balloon ascent","2026-06-15T12:20:00.000Z","40.04","-105.17","4100","2500","2.7401768531960373","7.220530559588111","10.96070741278415","-1.25","51.543893935923045","625.5087535740764","5.666666666666667","190","DEMO atmospheric sensor package","SYNTHETIC"
"ASCEND DEMO / SYNTHETIC","20000000-0000-4000-8000-000000000001","30000000-0000-4000-8000-000000000002","DEMO Balloon ascent","2026-06-15T12:21:00.000Z","40.044","-105.162","4350","2750","2.793577803248942","7.380733409746826","11.174311212995768","-2.875","52.17011341857234","607.379353011485","5.833333333333333","191","DEMO atmospheric sensor package","SYNTHETIC"
"ASCEND DEMO / SYNTHETIC","20000000-0000-4000-8000-000000000001","30000000-0000-4000-8000-000000000002","DEMO Balloon ascent","2026-06-15T12:22:00.000Z","40.048","-105.154","4600","3000","2.8414709848078967","7.524412954423689","11.365883939231587","-4.5","52.78836684617301","589.7754049911337","6","192","DEMO atmospheric sensor package","SYNTHETIC"
"ASCEND DEMO / SYNTHETIC","20000000-0000-4000-8000-000000000001","30000000-0000-4000-8000-000000000002","DEMO Balloon ascent","2026-06-15T12:23:00.000Z","40.052","-105.146","4850","3250","2.8835239987617034","7.650571996285111","11.534095995046814","-6.125","53.397967334076114","572.6816800864789","6.166666666666666","193","DEMO atmospheric sensor package","SYNTHETIC"
"ASCEND DEMO / SYNTHETIC","20000000-0000-4000-8000-000000000001","30000000-0000-4000-8000-000000000002","DEMO Balloon ascent","2026-06-15T12:24:00.000Z","40.056","-105.138","5100","3500","2.919444979253755","7.758334937761266","11.67777991701502","-7.75","53.99823761111999","556.0833902722724","6.333333333333334","194","DEMO atmospheric sensor package","SYNTHETIC"
"ASCEND DEMO / SYNTHETIC","20000000-0000-4000-8000-000000000001","30000000-0000-4000-8000-000000000002","DEMO Balloon ascent","2026-06-15T12:25:00.000Z","40.06","-105.13","5350","3750","2.948984619355586","7.846953858066758","11.795938477422345","-9.375","54.588510772084064","539.96617613123","6.5","195","DEMO atmospheric sensor package","SYNTHETIC"
"ASCEND DEMO / SYNTHETIC","20000000-0000-4000-8000-000000000001","30000000-0000-4000-8000-000000000002","DEMO Balloon ascent","2026-06-15T12:26:00.000Z","40.064","-105.122","5600","4000","2.9719379013633125","7.915813704089938","11.88775160545325","-11","55.16813101862603","524.3160944314948","6.666666666666666","196","DEMO atmospheric sensor package","SYNTHETIC"
"ASCEND DEMO / SYNTHETIC","20000000-0000-4000-8000-000000000001","30000000-0000-4000-8000-000000000002","DEMO Balloon ascent","2026-06-15T12:27:00.000Z","40.068","-105.114","5850","4250","2.988145519707957","7.96443655912387","11.952582078831828","-12.625","55.73645438787923","509.11960606414794","6.833333333333334","197","DEMO atmospheric sensor package","SYNTHETIC"
"ASCEND DEMO / SYNTHETIC","20000000-0000-4000-8000-000000000001","30000000-0000-4000-8000-000000000002","DEMO Balloon ascent","2026-06-15T12:28:00.000Z","40.072","-105.106","6100","4500","2.9974949866040546","7.992484959812163","11.989979946416218","-14.25","56.29284946790071","494.3635643303329","7","198","DEMO atmospheric sensor package","SYNTHETIC"
"ASCEND DEMO / SYNTHETIC","20000000-0000-4000-8000-000000000001","30000000-0000-4000-8000-000000000002","DEMO Balloon ascent","2026-06-15T12:29:00.000Z","40.076","-105.098","6350","4750","2.999921412762875","7.999764238288624","11.9996856510515","-15.875","56.83669809917506","480.0352035678586","7.166666666666666","199","DEMO atmospheric sensor package","SYNTHETIC"
"ASCEND DEMO / SYNTHETIC","20000000-0000-4000-8000-000000000001","30000000-0000-4000-8000-000000000002","DEMO Balloon ascent","2026-06-15T12:30:00.000Z","40.08","-105.09","6600","5000","2.995407957751765","7.986223873255295","11.98163183100706","-17.5","57.36739606139474","466.12212810744273","7.333333333333334","200","DEMO atmospheric sensor package","SYNTHETIC"
"ASCEND DEMO / SYNTHETIC","20000000-0000-4000-8000-000000000001","30000000-0000-4000-8000-000000000002","DEMO Balloon ascent","2026-06-15T12:31:00.000Z","40.084","-105.082","6850","5250","2.983985946873937","7.9519578406218105","11.935943787495749","-19.125","57.884353744753824","452.61230154904166","7.5","201","DEMO atmospheric sensor package","SYNTHETIC"
"ASCEND DEMO / SYNTHETIC","20000000-0000-4000-8000-000000000001","30000000-0000-4000-8000-000000000002","DEMO Balloon ascent","2026-06-15T12:32:00.000Z","40.088","-105.074","7100","5500","2.9657346537575","7.897203961272499","11.86293861503","-20.75","58.386996805009325","439.49403634898925","7.666666666666666","202","DEMO atmospheric sensor package","SYNTHETIC"
"ASCEND DEMO / SYNTHETIC","20000000-0000-4000-8000-000000000001","30000000-0000-4000-8000-000000000002","DEMO Balloon ascent","2026-06-15T12:33:00.000Z","40.092","-105.066","7350","5750","2.940780750162663","7.8223422504879885","11.763123000650651","-22.375","58.87476680158241","426.7559837089356","7.833333333333334","203","DEMO atmospheric sensor package","SYNTHETIC"
"ASCEND DEMO / SYNTHETIC","20000000-0000-4000-8000-000000000001","30000000-0000-4000-8000-000000000002","DEMO Balloon ascent","2026-06-15T12:34:00.000Z","40.096","-105.058","7600","6000","2.909297426825682","7.727892280477045","11.637189707302728","-24","59.347121817990455","414.38712375784013","8","204","DEMO atmospheric sensor package","SYNTHETIC"
"ASCEND DEMO / SYNTHETIC","20000000-0000-4000-8000-000000000001","30000000-0000-4000-8000-000000000002","DEMO Balloon ascent","2026-06-15T12:35:00.000Z","40.1","-105.05","7850","6250","2.871503191441265","7.6145095743237965","11.48601276576506","-25.625","59.80353706392074","402.3767560185239","8.166666666666668","205","DEMO atmospheric sensor package","SYNTHETIC"
"ASCEND DEMO / SYNTHETIC","20000000-0000-4000-8000-000000000001","30000000-0000-4000-8000-000000000002","DEMO Balloon ascent","2026-06-15T12:36:00.000Z","40.104","-105.042","8100","6500","2.8276603521259607","7.482981056377882","11.310641408503843","-27.25","60.24350545827679","390.71449015053395","8.333333333333332","206","DEMO atmospheric sensor package","SYNTHETIC"
"ASCEND DEMO / SYNTHETIC","20000000-0000-4000-8000-000000000001","30000000-0000-4000-8000-000000000002","DEMO Balloon ascent","2026-06-15T12:37:00.000Z","40.108","-105.034","8350","6750","2.778073196887921","7.334219590663764","11.112292787551684","-28.875","60.666538192549666","379.39023696131164","8.5","207","DEMO atmospheric sensor package","SYNTHETIC"
"ASCEND DEMO / SYNTHETIC","20000000-0000-4000-8000-000000000001","30000000-0000-4000-8000-000000000002","DEMO Balloon ascent","2026-06-15T12:38:00.000Z","40.112","-105.026","8600","7000","2.7230858817383243","7.169257645214974","10.892343526953297","-30.5","61.072165273888224","368.3941996778884","8.666666666666668","208","DEMO atmospheric sensor package","SYNTHETIC"
"ASCEND DEMO / SYNTHETIC","20000000-0000-4000-8000-000000000001","30000000-0000-4000-8000-000000000002","DEMO Balloon ascent","2026-06-15T12:39:00.000Z","40.116","-105.018","8850","7250","2.663080042101836","6.989240126305508","10.652320168407345","-32.125","61.45993604726505","357.7168654715578","8.833333333333332","209","DEMO atmospheric sensor package","SYNTHETIC"
"ASCEND DEMO / SYNTHETIC","20000000-0000-4000-8000-000000000001","30000000-0000-4000-8000-000000000002","DEMO Balloon ascent","2026-06-15T12:40:00.000Z","40.12","-105.01","9100","7500","2.5984721441039564","6.795416432311869","10.393888576415826","-33.75","61.82941969615793","347.34899722819125","9","210","DEMO atmospheric sensor package","SYNTHETIC"
"ASCEND DEMO / SYNTHETIC","20000000-0000-4000-8000-000000000001","30000000-0000-4000-8000-000000000002","DEMO Balloon ascent","2026-06-15T12:41:00.000Z","40.124","-105.002","9350","7750","2.5297105941184483","6.589131782355345","10.118842376473793","-35.375","62.18020572119051","337.28162555707905","9.166666666666668","211","DEMO atmospheric sensor package","SYNTHETIC"
"ASCEND DEMO / SYNTHETIC","20000000-0000-4000-8000-000000000001","30000000-0000-4000-8000-000000000002","DEMO Balloon ascent","2026-06-15T12:42:00.000Z","40.128","-104.994","9600","8000","2.457272626635812","6.371817879907436","9.829090506543247","-37","62.51190439620051","327.50604103138295","9.333333333333332","212","DEMO atmospheric sensor package","SYNTHETIC"
"ASCEND DEMO / SYNTHETIC","20000000-0000-4000-8000-000000000001","30000000-0000-4000-8000-000000000002","DEMO Balloon ascent","2026-06-15T12:43:00.000Z","40.132","-104.986","9850","8250","2.3816609920523315","6.144982976156995","9.526643968209326","-38.625","62.82414720122871","318.01378665348585","9.5","213","DEMO atmospheric sensor package","SYNTHETIC"
"ASCEND DEMO / SYNTHETIC","20000000-0000-4000-8000-000000000001","30000000-0000-4000-8000-000000000002","DEMO Balloon ascent","2026-06-15T12:44:00.000Z","40.136","-104.978","10100","8500","2.3034004673678563","5.910201402103568","9.213601869471425","-40.25","63.11658723194762","308.79665053872367","9.666666666666668","214","DEMO atmospheric sensor package","SYNTHETIC"
"ASCEND DEMO / SYNTHETIC","20000000-0000-4000-8000-000000000001","30000000-0000-4000-8000-000000000002","DEMO Balloon ascent","2026-06-15T12:45:00.000Z","40.14","-104.97","10350","8750","2.223034214009548","5.669102642028644","8.892136856038192","-41.875","63.3888995850751","299.84665881116575","9.833333333333332","215","DEMO atmospheric sensor package","SYNTHETIC"
"ASCEND DEMO / SYNTHETIC","20000000-0000-4000-8000-000000000001","30000000-0000-4000-8000-000000000002","DEMO Balloon ascent","2026-06-15T12:46:00.000Z","40.144","-104.962","10600","9000","2.1411200080598674","5.423360024179601","8.56448003223947","-43.5","63.640781719344524","291.1560687053016","10","216","DEMO atmospheric sensor package","SYNTHETIC"
"ASCEND DEMO / SYNTHETIC","20000000-0000-4000-8000-000000000001","30000000-0000-4000-8000-000000000002","DEMO Balloon ascent","2026-06-15T12:47:00.000Z","40.148","-104.954","10850","9250","2.0582263690526132","5.17467910715784","8.232905476210453","-45.125","63.87195379163066","282.7173618676639","10.166666666666668","217","DEMO atmospheric sensor package","SYNTHETIC"
"ASCEND DEMO / SYNTHETIC","20000000-0000-4000-8000-000000000001","30000000-0000-4000-8000-000000000002","DEMO Balloon ascent","2026-06-15T12:48:00.000Z","40.152","-104.946","11100","9500","1.974928614204831","4.924785842614493","7.899714456819324","-46.75","64.08215896785767","274.52323785259364","10.333333333333332","218","DEMO atmospheric sensor package","SYNTHETIC"
"ASCEND DEMO / SYNTHETIC","20000000-0000-4000-8000-000000000001","30000000-0000-4000-8000-000000000002","DEMO Balloon ascent","2026-06-15T12:49:00.000Z","40.156","-104.938","11350","9750","1.8918048654698916","4.6754145964096745","7.567219461879566","-48.375","64.27116370834386","266.5666078065206","10.5","219","DEMO atmospheric sensor package","SYNTHETIC"
"ASCEND DEMO / SYNTHETIC","20000000-0000-4000-8000-000000000001","30000000-0000-4000-8000-000000000002","DEMO Balloon ascent","2026-06-15T12:50:00.000Z","40.16","-104.93","11600","10000","1.8094320371245147","4.428296111373544","7.237728148498059","-50","64.43875802726626","258.84058833529457","10.666666666666668","220","DEMO atmospheric sensor package","SYNTHETIC"
"ASCEND DEMO / SYNTHETIC","20000000-0000-4000-8000-000000000001","30000000-0000-4000-8000-000000000002","DEMO Balloon ascent","2026-06-15T12:51:00.000Z","40.164","-104.922","11850","10250","1.7283818317375736","4.185145495212721","6.913527326950295","-51.625","64.58475572595651","251.33849554926348","10.833333333333332","221","DEMO atmospheric sensor package","SYNTHETIC"
"ASCEND DEMO / SYNTHETIC","20000000-0000-4000-8000-000000000001","30000000-0000-4000-8000-000000000002","DEMO Balloon ascent","2026-06-15T12:52:00.000Z","40.168","-104.914","12100","10500","1.64921677231038","3.9476503169311403","6.59686708924152","-53.25","64.7089945997692","244.05383928094466","11","222","DEMO atmospheric sensor package","SYNTHETIC"
"ASCEND DEMO / SYNTHETIC","20000000-0000-4000-8000-000000000001","30000000-0000-4000-8000-000000000002","DEMO Balloon ascent","2026-06-15T12:53:00.000Z","40.172","-104.906","12350","10750","1.572486298127085","3.717458894381255","6.28994519250834","-54.875","64.8113366182925","236.98031747028855","11.166666666666668","223","DEMO atmospheric sensor package","SYNTHETIC"
"ASCEND DEMO / SYNTHETIC","20000000-0000-4000-8000-000000000001","30000000-0000-4000-8000-000000000002","DEMO Balloon ascent","2026-06-15T12:54:00.000Z","40.176","-104.898","12600","11000","1.4987229514116551","3.496168854234966","5.9948918056466205","-56.5","64.89166807870113","230.11181071267666","11.333333333333332","224","DEMO atmospheric sensor package","SYNTHETIC"
"ASCEND DEMO / SYNTHETIC","20000000-0000-4000-8000-000000000001","30000000-0000-4000-8000-000000000002","DEMO Balloon ascent","2026-06-15T12:55:00.000Z","40.18","-104.89","12850","11250","1.4284386812576564","3.2853160437729687","5.7137547250306255","-58.125","64.9498997320811","223.4423769649373","11.5","225","DEMO atmospheric sensor package","SYNTHETIC"
"ASCEND DEMO / SYNTHETIC","20000000-0000-4000-8000-000000000001","30000000-0000-4000-8000-000000000002","DEMO Balloon ascent","2026-06-15T12:56:00.000Z","40.184","-104.882","13100","11500","1.3621212904831481","3.0863638714494446","5.4484851619325925","-59.75","64.98596688258598","216.9662464047993","11.666666666666668","226","DEMO atmospheric sensor package","SYNTHETIC"
"ASCEND DEMO / SYNTHETIC","20000000-0000-4000-8000-000000000001","30000000-0000-4000-8000-000000000002","DEMO Balloon ascent","2026-06-15T12:57:00.000Z","40.188","-104.874","13350","11750","1.300231050071031","2.900693150213093","5.200924200284124","-61.375","64.99982945931463","210.67781643933654","11.833333333333332","227","DEMO atmospheric sensor package","SYNTHETIC"
"ASCEND DEMO / SYNTHETIC","20000000-0000-4000-8000-000000000001","30000000-0000-4000-8000-000000000002","DEMO Balloon ascent","2026-06-15T12:58:00.000Z","40.192","-104.866","13600","12000","1.2431975046920718","2.7295925140762156","4.972790018768287","-63","64.9914720608301","204.57164685808456","12","228","DEMO atmospheric sensor package","SYNTHETIC"
"ASCEND DEMO / SYNTHETIC","20000000-0000-4000-8000-000000000001","30000000-0000-4000-8000-000000000002","DEMO Balloon ascent","2026-06-15T12:59:00.000Z","40.196","-104.858","13850","12250","1.1914164914816474","2.574249474444942","4.76566596592659","-64.625","64.96090397227097","198.6424551266375","12.166666666666666","229","DEMO atmospheric sensor package","SYNTHETIC"
"ASCEND DEMO / SYNTHETIC","20000000-0000-4000-8000-000000000001","30000000-0000-4000-8000-000000000002","DEMO Balloon ascent","2026-06-15T13:00:00.000Z","40.2","-104.85","14100","12500","1.14524739276116","2.4357421782834803","4.58098957104464","-66.25","64.90815915503529","192.88511181665146","12.333333333333334","230","DEMO atmospheric sensor package","SYNTHETIC"
"ASCEND DEMO / SYNTHETIC","20000000-0000-4000-8000-000000000001","30000000-0000-4000-8000-000000000002","DEMO Balloon ascent","2026-06-15T13:01:00.000Z","40.204","-104.842","14350","12750","1.1050106417714165","2.3150319253142495","4.420042567085666","-67.875","64.83329620904937","187.2946361683036","12.5","231","DEMO atmospheric sensor package","SYNTHETIC"
"ASCEND DEMO / SYNTHETIC","20000000-0000-4000-8000-000000000001","30000000-0000-4000-8000-000000000002","DEMO Balloon ascent","2026-06-15T13:02:00.000Z","40.208","-104.834","14600","13000","1.0709854987292382","2.212956496187714","4.283941994916953","-69.5","64.73639830766261","181.86619178136525","12.666666666666666","232","DEMO atmospheric sensor package","SYNTHETIC"
"ASCEND DEMO / SYNTHETIC","20000000-0000-4000-8000-000000000001","30000000-0000-4000-8000-000000000002","DEMO Balloon ascent","2026-06-15T13:03:00.000Z","40.212","-104.826","14850","13250","1.043408112642425","2.1302243379272756","4.1736324505697","-71.125","64.61757310524135","176.59508243116335","12.833333333333334","233","DEMO atmospheric sensor package","SYNTHETIC"
"ASCEND DEMO / SYNTHETIC","20000000-0000-4000-8000-000000000001","30000000-0000-4000-8000-000000000002","DEMO Balloon ascent","2026-06-15T13:04:00.000Z","40.216","-104.818","15100","13500","1.022469882334903","2.067409647004709","4.089879529339612","-72.75","64.47695261756391","171.4767480058095","13","234","DEMO atmospheric sensor package","SYNTHETIC"
"ASCEND DEMO / SYNTHETIC","20000000-0000-4000-8000-000000000001","30000000-0000-4000-8000-000000000002","DEMO Balloon ascent","2026-06-15T13:05:00.000Z","40.22","-104.81","15350","13750","1.0083161280572308","2.0249483841716924","4.033264512228923","-74.375","64.31469307514999","166.5067605611818","13.166666666666666","235","DEMO atmospheric sensor package","SYNTHETIC"
"ASCEND DEMO / SYNTHETIC","20000000-0000-4000-8000-000000000001","30000000-0000-4000-8000-000000000002","DEMO Balloon ascent","2026-06-15T13:06:00.000Z","40.224","-104.802","15600","14000","1.0010450829020718","2.003135248706215","4.004180331608287","-76","64.13097474968734","161.68082049024775","13.333333333333334","236","DEMO atmospheric sensor package","SYNTHETIC"
"ASCEND DEMO / SYNTHETIC","20000000-0000-4000-8000-000000000001","30000000-0000-4000-8000-000000000002","DEMO Balloon ascent","2026-06-15T13:07:00.000Z","40.228","-104.794","15850","14250","1.000707211024622","2.002121633073866","4.002828844098488","-77.625","63.92600175374829","156.99475280341238","13.5","237","DEMO atmospheric sensor package","SYNTHETIC"
"ASCEND DEMO / SYNTHETIC","20000000-0000-4000-8000-000000000001","30000000-0000-4000-8000-000000000002","DEMO Balloon ascent","2026-06-15T13:08:00.000Z","40.232","-104.786","16100","14500","1.007304857399847","2.0219145721995417","4.029219429599388","-79.25","63.70000181401916","152.44450351667558","13.666666666666666","238","DEMO atmospheric sensor package","SYNTHETIC"
"ASCEND DEMO / SYNTHETIC","20000000-0000-4000-8000-000000000001","30000000-0000-4000-8000-000000000002","DEMO Balloon ascent","2026-06-15T13:09:00.000Z","40.236","-104.778","16350","14750","1.0207922315473545","2.0623766946420634","4.083168926189418","-80.875","63.45322601829392","148.02613614447236","13.833333333333334","239","DEMO atmospheric sensor package","SYNTHETIC"
"ASCEND DEMO / SYNTHETIC","20000000-0000-4000-8000-000000000001","30000000-0000-4000-8000-000000000002","DEMO Balloon ascent","2026-06-15T13:10:00.000Z","40.24","-104.77","16600","15000","1.0410757253368614","2.1232271760105847","4.164302901347446","-82.5","63.185948536513635","143.73582829416344","14","240","DEMO atmospheric sensor package","SYNTHETIC"
"ASCEND DEMO / SYNTHETIC","20000000-0000-4000-8000-000000000001","30000000-0000-4000-8000-000000000002","DEMO Balloon ascent","2026-06-15T13:11:00.000Z","40.244","-104.762","16850","15250","1.0680145626685533","2.2040436880056595","4.272058250674213","-84.125","62.898466316161404","139.5698683592284","14.166666666666666","241","DEMO atmospheric sensor package","SYNTHETIC"
"ASCEND DEMO / SYNTHETIC","20000000-0000-4000-8000-000000000001","30000000-0000-4000-8000-000000000002","DEMO Balloon ascent","2026-06-15T13:12:00.000Z","40.248","-104.754","17100","15500","1.1014217765192704","2.304265329557811","4.405687106077082","-85.75","62.591098752351236","135.52465230830234","14.333333333333334","242","DEMO atmospheric sensor package","SYNTHETIC"
"ASCEND DEMO / SYNTHETIC","20000000-0000-4000-8000-000000000001","30000000-0000-4000-8000-000000000002","DEMO Balloon ascent","2026-06-15T13:13:00.000Z","40.252","-104.746","17350","15750","1.1410655065734079","2.423196519720224","4.5642620262936315","-87.375","62.26418733297747","131.59668056727674","14.5","243","DEMO atmospheric sensor package","SYNTHETIC"
"ASCEND DEMO / SYNTHETIC","20000000-0000-4000-8000-000000000001","30000000-0000-4000-8000-000000000002","DEMO Balloon ascent","2026-06-15T13:14:00.000Z","40.256","-104.738","17600","16000","1.18667060843242","2.56001182529726","4.74668243372968","-89","61.91809525931892","127.78255499176784","14.666666666666666","244","DEMO atmospheric sensor package","SYNTHETIC"
"ASCEND DEMO / SYNTHETIC","20000000-0000-4000-8000-000000000001","30000000-0000-4000-8000-000000000002","DEMO Balloon ascent","2026-06-15T13:15:00.000Z","40.26","-104.73","17850","16250","1.23792056323432","2.7137616897029595","4.95168225293728","-90.625","61.55320704251921","124.07897592733391","14.833333333333334","245","DEMO atmospheric sensor package","SYNTHETIC"
"ASCEND DEMO / SYNTHETIC","20000000-0000-4000-8000-000000000001","30000000-0000-4000-8000-000000000002","DEMO Balloon ascent","2026-06-15T13:16:00.000Z","40.264","-104.722","18100","16500","1.294459674429608","2.8833790232888243","5.177838697718432","-92.25","61.1699280763918","120.48273935489661","15","246","DEMO atmospheric sensor package","SYNTHETIC"
"ASCEND DEMO / SYNTHETIC","20000000-0000-4000-8000-000000000001","30000000-0000-4000-8000-000000000002","DEMO Balloon ascent","2026-06-15T13:17:00.000Z","40.268","-104.714","18350","16750","1.3558955364670684","3.0676866094012047","5.423582145868274","-93.875","60.768684187024085","116.99073411889869","15.166666666666666","247","DEMO atmospheric sensor package","SYNTHETIC"
"ASCEND DEMO / SYNTHETIC","20000000-0000-4000-8000-000000000001","30000000-0000-4000-8000-000000000002","DEMO Balloon ascent","2026-06-15T13:18:00.000Z","40.272","-104.706","18600","17000","1.421801758255691","3.2654052747670734","5.687207033022764","-95.5","60.34992115968109","113.5999392357988","15.333333333333334","248","DEMO atmospheric sensor package","SYNTHETIC"
"ASCEND DEMO / SYNTHETIC","20000000-0000-4000-8000-000000000001","30000000-0000-4000-8000-000000000002","DEMO Balloon ascent","2026-06-15T13:19:00.000Z","40.276","-104.698","18850","17250","1.4917209225007415","3.475162767502225","5.966883690002966","-97.125","59.9141042435344","110.30742128057577","15.5","249","DEMO atmospheric sensor package","SYNTHETIC"
"ASCEND DEMO / SYNTHETIC","20000000-0000-4000-8000-000000000001","30000000-0000-4000-8000-000000000002","DEMO Balloon ascent","2026-06-15T13:20:00.000Z","40.28","-104.69","19100","17500","1.5651677603749228","3.6955032811247683","6.260671041499691","-98.75","59.46171763476649","107.1103318489804","15.666666666666666","250","DEMO atmospheric sensor package","SYNTHETIC"
"ASCEND DEMO / SYNTHETIC","20000000-0000-4000-8000-000000000001","30000000-0000-4000-8000-000000000002","DEMO Balloon ascent","2026-06-15T13:21:00.000Z","40.284","-104.682","19350","17750","1.6416325194910497","3.924897558473149","6.566530077964199","-100.375","58.99326393862477","104.00590509334063","15.833333333333334","251","DEMO atmospheric sensor package","SYNTHETIC"
"ASCEND DEMO / SYNTHETIC","20000000-0000-4000-8000-000000000001","30000000-0000-4000-8000-000000000002","DEMO Balloon ascent","2026-06-15T13:22:00.000Z","40.288","-104.674","19600","18000","1.7205845018010741","4.161753505403222","6.882338007204297","-102","58.509263611023016","100.9914553297871","16","252","DEMO atmospheric sensor package","SYNTHETIC"
"ASCEND DEMO / SYNTHETIC","20000000-0000-4000-8000-000000000001","30000000-0000-4000-8000-000000000002","DEMO Balloon ascent","2026-06-15T13:23:00.000Z","40.292","-104.666","19850","18250","1.801475746866938","4.404427240600814","7.205902987467752","-103.625","58.0102543803106","98.0643747148298","16.166666666666664","253","DEMO atmospheric sensor package","SYNTHETIC"
"ASCEND DEMO / SYNTHETIC","20000000-0000-4000-8000-000000000001","30000000-0000-4000-8000-000000000002","DEMO Balloon ascent","2026-06-15T13:24:00.000Z","40.296","-104.658","20100","18500","1.8837448349397703","4.651234504819311","7.534979339759081","-105.25","57.49679064985178","95.22213098927551","16.333333333333336","254","DEMO atmospheric sensor package","SYNTHETIC"
"ASCEND DEMO / SYNTHETIC","20000000-0000-4000-8000-000000000001","30000000-0000-4000-8000-000000000002","DEMO Balloon ascent","2026-06-15T13:25:00.000Z","40.3","-104.65","20350","18750","1.9668207834524432","4.90046235035733","7.867283133809773","-106.875","56.96944288207913","92.46226528753411","16.5","255","DEMO atmospheric sensor package","SYNTHETIC"
"ASCEND DEMO / SYNTHETIC","20000000-0000-4000-8000-000000000001","30000000-0000-4000-8000-000000000002","DEMO Balloon ascent","2026-06-15T13:26:00.000Z","40.304","-104.642","20600","19000","2.0501270098821727","5.1503810296465184","8.20050803952869","-108.5","56.428796964704944","89.78239001041894","16.666666666666664","256","DEMO atmospheric sensor package","SYNTHETIC"
"ASCEND DEMO / SYNTHETIC","20000000-0000-4000-8000-000000000001","30000000-0000-4000-8000-000000000002","DEMO Balloon ascent","2026-06-15T13:27:00.000Z","40.308","-104.634","20850","19250","2.1330853334791944","5.399256000437584","8.532341333916778","-110.125","55.87545355979525","87.18018675960073","16.833333333333336","257","DEMO atmospheric sensor package","SYNTHETIC"
"ASCEND DEMO / SYNTHETIC","20000000-0000-4000-8000-000000000001","30000000-0000-4000-8000-000000000002","DEMO Balloon ascent","2026-06-15T13:28:00.000Z","40.312","-104.626","21100","19500","2.2151199880878156","5.645359964263447","8.860479952351263","-111.75","55.31002743642928","84.6534043319282","17","258","DEMO atmospheric sensor package","SYNTHETIC"
"ASCEND DEMO / SYNTHETIC","20000000-0000-4000-8000-000000000001","30000000-0000-4000-8000-000000000002","DEMO Balloon ascent","2026-06-15T13:29:00.000Z","40.316","-104.618","21350","19750","2.2956616182091607","5.8869848546274826","9.182646472836643","-113.375","54.73314678768597","82.1998567718799","17.166666666666664","259","DEMO atmospheric sensor package","SYNTHETIC"
"ASCEND DEMO / SYNTHETIC","20000000-0000-4000-8000-000000000001","30000000-0000-4000-8000-000000000002","DEMO Balloon ascent","2026-06-15T13:30:00.000Z","40.32","-104.61","21600","20000","2.37415123057122","6.12245369171366","9.49660492228488","-115","54.14545253271624","79.81742148046304","17.333333333333336","260","DEMO atmospheric sensor package","SYNTHETIC"
"ASCEND DEMO / SYNTHETIC","20000000-0000-4000-8000-000000000001","30000000-0000-4000-8000-000000000002","DEMO Balloon ascent","2026-06-15T13:31:00.000Z","40.324","-104.602","21850","20250","2.4500440737806177","6.350132221341853","9.800176295122471","-116.625","53.5475976046766","77.5040373789228","17.5","261","DEMO atmospheric sensor package","SYNTHETIC"
"ASCEND DEMO / SYNTHETIC","20000000-0000-4000-8000-000000000001","30000000-0000-4000-8000-000000000002","DEMO Balloon ascent","2026-06-15T13:32:00.000Z","40.328","-104.594","22100","20500","2.5228134191296796","6.568440257389039","10.091253676518718","-118.25","52.94024622531499","75.2577031256738","17.666666666666664","262","DEMO atmospheric sensor package","SYNTHETIC"
"ASCEND DEMO / SYNTHETIC","20000000-0000-4000-8000-000000000001","30000000-0000-4000-8000-000000000002","DEMO Balloon ascent","2026-06-15T13:33:00.000Z","40.332","-104.586","22350","20750","2.5919542163183626","6.775862648955087","10.36781686527345","-119.875","52.324073167015","73.0764753849107","17.833333333333336","263","DEMO atmospheric sensor package","SYNTHETIC"
"ASCEND DEMO / SYNTHETIC","20000000-0000-4000-8000-000000000001","30000000-0000-4000-8000-000000000002","DEMO Balloon ascent","2026-06-15T13:34:00.000Z","40.336","-104.578","22600","21000","2.656986598718789","6.970959796156367","10.627946394875156","-121.5","51.6997630031181","70.95846714540092","18","264","DEMO atmospheric sensor package","SYNTHETIC"
"ASCEND DEMO / SYNTHETIC","20000000-0000-4000-8000-000000000001","30000000-0000-4000-8000-000000000002","DEMO Balloon ascent","2026-06-15T13:35:00.000Z","40.34","-104.57","22850","21250","2.7174592138543594","7.152377641563078","10.869836855417438","-123.125","51.06800934735712","68.90184608800412","18.166666666666664","265","DEMO atmospheric sensor package","SYNTHETIC"
"ASCEND DEMO / SYNTHETIC","20000000-0000-4000-8000-000000000001","30000000-0000-4000-8000-000000000002","DEMO Balloon ascent","2026-06-15T13:36:00.000Z","40.344","-104.562","23100","21500","2.772952355978483","7.318857067935449","11.091809423913933","-124.75","50.42951408324565","66.904833000507","18.333333333333336","266","DEMO atmospheric sensor package","SYNTHETIC"
"ASCEND DEMO / SYNTHETIC","20000000-0000-4000-8000-000000000001","30000000-0000-4000-8000-000000000002","DEMO Balloon ascent","2026-06-15T13:37:00.000Z","40.348","-104.554","23350","21750","2.8230808790115054","7.469242637034517","11.292323516046022","-126.375","49.78498658427965","64.96570023840118","18.5","267","DEMO atmospheric sensor package","SYNTHETIC"
"ASCEND DEMO / SYNTHETIC","20000000-0000-4000-8000-000000000001","30000000-0000-4000-8000-000000000002","DEMO Balloon ascent","2026-06-15T13:38:00.000Z","40.352","-104.546","23600","22000","2.867496869618806","7.602490608856417","11.469987478475224","-128","49.135142925817675","63.08277023027343","18.666666666666664","268","DEMO atmospheric sensor package","SYNTHETIC"
"ASCEND DEMO / SYNTHETIC","20000000-0000-4000-8000-000000000001","30000000-0000-4000-8000-000000000002","DEMO Balloon ascent","2026-06-15T13:39:00.000Z","40.356","-104.538","23850","22250","2.9058920618777586","7.717676185633275","11.623568247511034","-129.625","48.48070508951525","61.25441402651472","18.833333333333336","269","DEMO atmospheric sensor package","SYNTHETIC"
